{
  "project_info": {
    "project_number": "715705740849",
    "firebase_url": "https://doandidong1.firebaseio.com",
    "project_id": "doandidong1",
    "storage_bucket": "doandidong1.appspot.com"
  },
  "client": [
    {
      "client_info": {
        "mobilesdk_app_id": "1:715705740849:android:7f86a8cafe2cb119106f10",
        "android_client_info": {
          "package_name": "com.example.pikachu"
        }
      },
      "oauth_client": [
        {
          "client_id": "715705740849-4ug3li4320q0djldp8aui04jugd9coe4.apps.googleusercontent.com",
          "client_type": 1,
          "android_info": {
            "package_name": "com.example.pikachu",
            "certificate_hash": "649925961d59973f25a590db9d044e9fb4e1b714"
          }
        },
        {
          "client_id": "715705740849-laf58ql8nhilv77umqs1o3um82651um9.apps.googleusercontent.com",
          "client_type": 3
        }
      ],
      "api_key": [
        {
          "current_key": "AIzaSyB_Oq73hBXAdO1OATziBMSefgsvvMNG_RY"
        }
      ],
      "services": {
        "appinvite_service": {
          "other_platform_oauth_client": [
            {
              "client_id": "715705740849-laf58ql8nhilv77umqs1o3um82651um9.apps.googleusercontent.com",
              "client_type": 3
            }
          ]
        }
      }
    }
  ],
  "configuration_version": "1"
}